Name,FFB_Thumb,FFB_Index,FFB_Middle,FFB_Ring,FFB_Pinky,Thumb_CMC,Thumb_MCP,Thumb_IP,Thumb_FingerTip,Index_MCP,Index_PIP,Index_DIP,Index_FingerTip,Middle_MCP,Middle_PIP,Middle_DIP,Middle_FingerTip,Ring_MCP,Ring_PIP,Ring_DIP,Ring_FingerTip,Pinky_MCP,Pinky_PIP,Pinky_DIP,Pinky_FingerTip,IsTouching,MaxForce,Material,TimeStamp,
M1_2,0,0,0,0,0,Pos(x:-0.5820366|y:1.117028|z:1.353552)|Rot(x:358.4391|y:146.7618|z:357.6198),Pos(x:-0.584217|y:1.160885|z:1.353552)|Rot(x:358.4391|y:146.7618|z:357.6198),Pos(x:-0.5866516|y:1.209854|z:1.353552)|Rot(x:358.4391|y:146.7618|z:357.6198),Pos(x:-0.5880667|y:1.238319|z:1.353552)|Rot(x:358.4391|y:146.7619|z:357.6198),Pos(x:-0.5853671|y:1.19086|z:1.355446)|Rot(x:357.1538|y:90|z:0),Pos(x:-0.5876924|y:1.237632|z:1.355446)|Rot(x:357.1538|y:90|z:0),Pos(x:-0.5889812|y:1.263556|z:1.355446)|Rot(x:357.1538|y:90|z:0),Pos(x:-0.5903169|y:1.290422|z:1.355446)|Rot(x:357.1539|y:89.99994|z:8.761986E-06),Pos(x:-0.5878487|y:1.19142|z:1.328133)|Rot(x:357.1538|y:90|z:0),Pos(x:-0.5904707|y:1.24416|z:1.328133)|Rot(x:357.1538|y:90|z:0),Pos(x:-0.5918471|y:1.271846|z:1.328133)|Rot(x:357.1538|y:90|z:0),Pos(x:-0.5932523|y:1.300111|z:1.328133)|Rot(x:357.1538|y:90.00005|z:-1.282242E-06),Pos(x:-0.5860737|y:1.187279|z:1.303969)|Rot(x:357.1538|y:90|z:0),Pos(x:-0.5883844|y:1.233758|z:1.303969)|Rot(x:357.1538|y:90|z:0),Pos(x:-0.5896925|y:1.26007|z:1.303969)|Rot(x:357.2335|y:76.4001|z:0.6689773),Pos(x:-0.5909736|y:1.285838|z:1.303969)|Rot(x:357.2335|y:76.4001|z:0.6689875),Pos(x:-0.5827112|y:1.178741|z:1.283566)|Rot(x:357.1538|y:90|z:356.2199),Pos(x:-0.5846661|y:1.218064|z:1.280964)|Rot(x:357.1538|y:90|z:356.2199),Pos(x:-0.5855771|y:1.236388|z:1.279752)|Rot(x:357.4341|y:94.13728|z:356.0245),Pos(x:-0.5865284|y:1.255522|z:1.278486)|Rot(x:357.4341|y:94.13724|z:356.0245),Yes,0,StressBall (UnityEngine.GameObject),2024-10-11 19:11:49,
M1_2,1,0,0,1,1,Pos(x:-0.587979|y:1.122002|z:1.353552)|Rot(x:312.7561|y:221.0931|z:15.26053),Pos(x:-0.5588237|y:1.150761|z:1.369398)|Rot(x:319.1215|y:224.1981|z:23.40103),Pos(x:-0.5243328|y:1.184784|z:1.376935)|Rot(x:330.4631|y:232.5602|z:38.90319),Pos(x:-0.5047706|y:1.20408|z:1.369371)|Rot(x:330.463|y:232.5602|z:38.90316),Pos(x:-0.5913095|y:1.195834|z:1.355446)|Rot(x:0.323803|y:94.99247|z:359.752),Pos(x:-0.5910635|y:1.242663|z:1.355221)|Rot(x:36.57283|y:94.80988|z:359.6913),Pos(x:-0.5756642|y:1.263508|z:1.353785)|Rot(x:69.1963|y:94.34125|z:359.3018),Pos(x:-0.5506168|y:1.273061|z:1.351555)|Rot(x:69.19636|y:94.34107|z:359.3017),Pos(x:-0.5937911|y:1.196394|z:1.328133)|Rot(x:11.10573|y:90|z:0),Pos(x:-0.5836198|y:1.248211|z:1.328133)|Rot(x:45.21778|y:90|z:0),Pos(x:-0.5639447|y:1.267737|z:1.328133)|Rot(x:75.91866|y:90|z:0),Pos(x:-0.5364951|y:1.274622|z:1.328133)|Rot(x:75.9186|y:90.0002|z:0.0002035295),Pos(x:-0.5920161|y:1.192253|z:1.303969)|Rot(x:11.46523|y:87.03391|z:0.1519274),Pos(x:-0.5827848|y:1.237861|z:1.304571)|Rot(x:46.85046|y:87.16252|z:0.217703),Pos(x:-0.5635933|y:1.255878|z:1.305622)|Rot(x:72.51264|y:36.34776|z:310.709),Pos(x:-0.538329|y:1.260934|z:1.306958)|Rot(x:72.51264|y:36.34777|z:310.709),Pos(x:-0.5886536|y:1.183715|z:1.283566)|Rot(x:18.71814|y:85.09015|z:356.4817),Pos(x:-0.5758542|y:1.221016|z:1.282235)|Rot(x:49.50863|y:85.29657|z:356.6018),Pos(x:-0.5618536|y:1.232933|z:1.282293)|Rot(x:76.75912|y:104.4611|z:15.23913),Pos(x:-0.5431322|y:1.237176|z:1.282677)|Rot(x:76.75919|y:104.461|z:15.23903),Yes,1,StressBall (UnityEngine.GameObject),2024-10-11 19:12:19,
M1_2,0,0,0,0,0,Pos(x:-0.587979|y:1.122002|z:1.353552)|Rot(x:317.5631|y:234.9081|z:355.5279),Pos(x:-0.5657767|y:1.154311|z:1.373336)|Rot(x:322.4622|y:234.8291|z:3.055683),Pos(x:-0.5398863|y:1.193134|z:1.388383)|Rot(x:333.26|y:237.2662|z:18.61803),Pos(x:-0.5247439|y:1.217254|z:1.3873)|Rot(x:333.26|y:237.2662|z:18.61801),Pos(x:-0.5913095|y:1.195834|z:1.355446)|Rot(x:357.996|y:95.00254|z:359.7519),Pos(x:-0.5929585|y:1.242635|z:1.355387)|Rot(x:3.905702|y:94.97693|z:359.7515),Pos(x:-0.591207|y:1.26853|z:1.355122)|Rot(x:9.224411|y:94.95359|z:359.7488),Pos(x:-0.5869212|y:1.295082|z:1.354632)|Rot(x:9.224455|y:94.95353|z:359.7488),Pos(x:-0.5937911|y:1.196394|z:1.328133)|Rot(x:358.475|y:90|z:0),Pos(x:-0.5951965|y:1.249181|z:1.328133)|Rot(x:0.3819456|y:90|z:0),Pos(x:-0.5950117|y:1.2769|z:1.328133)|Rot(x:2.098218|y:90|z:0),Pos(x:-0.5939755|y:1.305181|z:1.328133)|Rot(x:2.098187|y:90.00004|z:3.097006E-06),Pos(x:-0.5920161|y:1.192253|z:1.303969)|Rot(x:358.584|y:87.00001|z:0.1489432),Pos(x:-0.5931709|y:1.238775|z:1.30403)|Rot(x:0.6442999|y:87.00536|z:0.148902),Pos(x:-0.5928786|y:1.265118|z:1.304113)|Rot(x:2.463674|y:73.41369|z:359.5576),Pos(x:-0.5917589|y:1.290893|z:1.304239)|Rot(x:2.46367|y:73.4137|z:359.5576),Pos(x:-0.5886536|y:1.183715|z:1.283566)|Rot(x:358.5909|y:85.00004|z:356.4679),Pos(x:-0.5894065|y:1.223086|z:1.28106)|Rot(x:0.6512124|y:85.00896|z:356.4679),Pos(x:-0.5891002|y:1.241436|z:1.279949)|Rot(x:2.753944|y:89.15604|z:356.6581),Pos(x:-0.5881628|y:1.260581|z:1.278844)|Rot(x:2.753979|y:89.15601|z:356.6581),Yes,0,StressBall (UnityEngine.GameObject),2024-10-11 19:12:49,
M1_2,0.17,0,0,0,0.02,Pos(x:-0.587979|y:1.122002|z:1.353552)|Rot(x:316.2335|y:224.8894|z:9.942792),Pos(x:-0.561493|y:1.153237|z:1.369398)|Rot(x:322.7668|y:227.0905|z:18.81425),Pos(x:-0.5301598|y:1.190188|z:1.376935)|Rot(x:334.5522|y:234.144|z:35.47544),Pos(x:-0.5123886|y:1.211145|z:1.369371)|Rot(x:334.5522|y:234.144|z:35.47543),Pos(x:-0.5913095|y:1.195834|z:1.355446)|Rot(x:3.543129|y:94.97851|z:359.7516),Pos(x:-0.588444|y:1.242574|z:1.354993)|Rot(x:40.07133|y:94.78528|z:359.676),Pos(x:-0.5718058|y:1.262436|z:1.353453)|Rot(x:72.9458|y:94.18556|z:359.1545),Pos(x:-0.5461891|y:1.270324|z:1.35118)|Rot(x:72.94583|y:94.18533|z:359.1543),Pos(x:-0.5937911|y:1.196394|z:1.328133)|Rot(x:10.71111|y:90|z:0),Pos(x:-0.5839769|y:1.24828|z:1.328133)|Rot(x:41.15258|y:90|z:0),Pos(x:-0.5657355|y:1.269151|z:1.328133)|Rot(x:68.54993|y:90|z:0),Pos(x:-0.5393957|y:1.2795|z:1.328133)|Rot(x:68.54988|y:90.00013|z:0.0001260729),Pos(x:-0.5920161|y:1.192253|z:1.303969)|Rot(x:9.819448|y:87.02948|z:0.1511082),Pos(x:-0.5840967|y:1.238108|z:1.304503)|Rot(x:37.57753|y:87.11828|z:0.1878819),Pos(x:-0.5680557|y:1.258986|z:1.305397)|Rot(x:59.68648|y:59.55935|z:335.9225),Pos(x:-0.5451913|y:1.270875|z:1.306625)|Rot(x:59.6865|y:59.55937|z:335.9225),Pos(x:-0.5886536|y:1.183715|z:1.283566)|Rot(x:9.826295|y:85.04909|z:356.4716),Pos(x:-0.5817479|y:1.22252|z:1.281726)|Rot(x:37.58418|y:85.19698|z:356.5328),Pos(x:-0.5705004|y:1.237064|z:1.281556)|Rot(x:62.51174|y:94.47254|z:4.737503),Pos(x:-0.5534542|y:1.245896|z:1.281813)|Rot(x:62.5118|y:94.47248|z:4.737441),Yes,0.3,StressBall (UnityEngine.GameObject),2024-10-11 19:13:19,
M1_2,0.02,0,0,0,0,Pos(x:-0.587979|y:1.122002|z:1.353552)|Rot(x:318.644|y:234.5457|z:356.1782),Pos(x:-0.5660953|y:1.154889|z:1.372729)|Rot(x:324.4892|y:234.6259|z:5.054021),Pos(x:-0.5404632|y:1.194645|z:1.38563)|Rot(x:337.1906|y:238.3052|z:23.40341),Pos(x:-0.5258883|y:1.218755|z:1.381325)|Rot(x:337.1906|y:238.3052|z:23.40338),Pos(x:-0.5913095|y:1.195834|z:1.355446)|Rot(x:358.0792|y:95.00217|z:359.7519),Pos(x:-0.5928909|y:1.242637|z:1.355381)|Rot(x:7.851063|y:94.95968|z:359.7497),Pos(x:-0.5893684|y:1.268349|z:1.354962)|Rot(x:16.64577|y:94.91973|z:359.7412),Pos(x:-0.5817017|y:1.294122|z:1.35418)|Rot(x:16.64583|y:94.91967|z:359.7412),Pos(x:-0.5937911|y:1.196394|z:1.328133)|Rot(x:359.4864|y:90|z:0),Pos(x:-0.5942645|y:1.249198|z:1.328133)|Rot(x:2.926511|y:90|z:0),Pos(x:-0.5928493|y:1.276881|z:1.328133)|Rot(x:6.022651|y:90|z:0),Pos(x:-0.58988|y:1.305025|z:1.328133)|Rot(x:6.022605|y:90.00005|z:0),Pos(x:-0.5920161|y:1.192253|z:1.303969)|Rot(x:359.1502|y:87.00148|z:0.148908),Pos(x:-0.5927117|y:1.238784|z:1.304054)|Rot(x:2.075903|y:87.00909|z:0.1489922),Pos(x:-0.5917622|y:1.265111|z:1.304172)|Rot(x:4.612104|y:73.38727|z:359.0368),Pos(x:-0.5896506|y:1.290824|z:1.304349)|Rot(x:4.612098|y:73.38727|z:359.0368),Pos(x:-0.5886536|y:1.183715|z:1.283566)|Rot(x:359.1571|y:85.00249|z:356.4679),Pos(x:-0.5890189|y:1.223094|z:1.281094)|Rot(x:2.082807|y:85.01516|z:356.468),Pos(x:-0.5882561|y:1.241433|z:1.280023)|Rot(x:4.958528|y:89.17641|z:356.8188),Pos(x:-0.586584|y:1.260532|z:1.278982)|Rot(x:4.958573|y:89.17638|z:356.8188),Yes,0.1,StressBall (UnityEngine.GameObject),2024-10-11 19:13:49,
M1_2,0,0,0,0,0,Pos(x:-0.587979|y:1.122002|z:1.353552)|Rot(x:330.5089|y:228.2614|z:351.0619),Pos(x:-0.5765863|y:1.15976|z:1.37286)|Rot(x:337.7491|y:227.7985|z:2.349033),Pos(x:-0.5614945|y:1.205101|z:1.383832)|Rot(x:353.4623|y:231.939|z:26.38542),Pos(x:-0.5513974|y:1.230466|z:1.375652)|Rot(x:353.4623|y:231.9391|z:26.3854),Pos(x:-0.5913095|y:1.195834|z:1.355446)|Rot(x:359.4214|y:94.99636|z:359.752),Pos(x:-0.5917982|y:1.242661|z:1.355286)|Rot(x:24.27537|y:94.88204|z:359.728),Pos(x:-0.5811765|y:1.266322|z:1.354255)|Rot(x:46.64382|y:94.73127|z:359.6388),Pos(x:-0.5616986|y:1.284789|z:1.352473)|Rot(x:46.64387|y:94.73114|z:359.6388),Pos(x:-0.5937911|y:1.196394|z:1.328133)|Rot(x:2.347888|y:90|z:0),Pos(x:-0.5916278|y:1.249155|z:1.328133)|Rot(x:11.08839|y:90|z:0),Pos(x:-0.5862967|y:1.276358|z:1.328133)|Rot(x:18.95484|y:90|z:0),Pos(x:-0.5771042|y:1.303123|z:1.328133)|Rot(x:18.9548|y:90.00005|z:2.347081E-05),Pos(x:-0.5920161|y:1.192253|z:1.303969)|Rot(x:0.6107483|y:87.00527|z:0.1488966),Pos(x:-0.591527|y:1.238787|z:1.304116)|Rot(x:6.1405|y:87.01971|z:0.1497596),Pos(x:-0.5887165|y:1.26498|z:1.304331)|Rot(x:10.83811|y:73.19769|z:357.5047),Pos(x:-0.583752|y:1.290296|z:1.304657)|Rot(x:10.8381|y:73.1977|z:357.5047),Pos(x:-0.5886536|y:1.183715|z:1.283566)|Rot(x:0.6176587|y:85.00881|z:356.4679),Pos(x:-0.5880191|y:1.223096|z:1.281181)|Rot(x:6.147376|y:85.03286|z:356.4693),Pos(x:-0.5859633|y:1.241341|z:1.280223)|Rot(x:11.34942|y:89.27179|z:357.2947),Pos(x:-0.5821779|y:1.260145|z:1.279365)|Rot(x:11.34945|y:89.27174|z:357.2947),Yes,0.3,StressBall (UnityEngine.GameObject),2024-10-11 19:14:19,
M1_2,0,0,0,0,0,Pos(x:-0.587979|y:1.122002|z:1.353552)|Rot(x:335.7776|y:223.9542|z:343.0017),Pos(x:-0.5852622|y:1.160298|z:1.374866)|Rot(x:339.1422|y:223.0342|z:348.6468),Pos(x:-0.5806369|y:1.205218|z:1.393963)|Rot(x:346.9059|y:222.2843|z:0.7886705),Pos(x:-0.576003|y:1.232975|z:1.398475)|Rot(x:346.9059|y:222.2844|z:0.7886561),Pos(x:-0.5913095|y:1.195834|z:1.355446)|Rot(x:0.1575386|y:94.99319|z:359.752),Pos(x:-0.5911989|y:1.242663|z:1.355233)|Rot(x:8.62651|y:94.95625|z:359.7492),Pos(x:-0.5873301|y:1.268325|z:1.354784)|Rot(x:16.24859|y:94.92161|z:359.7417),Pos(x:-0.5798416|y:1.294151|z:1.354017)|Rot(x:16.24863|y:94.92153|z:359.7417),Pos(x:-0.5937911|y:1.196394|z:1.328133)|Rot(x:1.378016|y:90|z:0),Pos(x:-0.5925213|y:1.249184|z:1.328133)|Rot(x:7.58159|y:90|z:0),Pos(x:-0.588864|y:1.276662|z:1.328133)|Rot(x:13.16482|y:90|z:0),Pos(x:-0.5824186|y:1.304218|z:1.328133)|Rot(x:13.16476|y:90.00005|z:1.00834E-05),Pos(x:-0.5920161|y:1.192253|z:1.303969)|Rot(x:0.02568326|y:87.00376|z:0.1488916),Pos(x:-0.5920016|y:1.238789|z:1.304091)|Rot(x:4.20272|y:87.01464|z:0.1492957),Pos(x:-0.5900772|y:1.265063|z:1.30426)|Rot(x:7.773232|y:73.31239|z:358.2645),Pos(x:-0.5865117|y:1.290614|z:1.304513)|Rot(x:7.773231|y:73.3124|z:358.2645),Pos(x:-0.5886536|y:1.183715|z:1.283566)|Rot(x:0.03260327|y:85.00629|z:356.4679),Pos(x:-0.5884196|y:1.223098|z:1.281146)|Rot(x:4.209608|y:85.0244|z:356.4685),Pos(x:-0.5869794|y:1.2414|z:1.280135)|Rot(x:8.202822|y:89.21793|z:357.0581),Pos(x:-0.5842304|y:1.260378|z:1.279187)|Rot(x:8.202858|y:89.2179|z:357.0581),No,,,2024-10-11 19:14:49,
M1_2,0,0,0,0,0,Pos(x:-0.587979|y:1.122002|z:1.353552)|Rot(x:334.0888|y:225.116|z:344.2798),Pos(x:-0.5832875|y:1.160022|z:1.375016)|Rot(x:337.4797|y:224.2651|z:349.934),Pos(x:-0.5765187|y:1.204616|z:1.394239)|Rot(x:345.276|y:223.6905|z:2.069067),Pos(x:-0.5707743|y:1.232162|z:1.398762)|Rot(x:345.276|y:223.6905|z:2.069054),Pos(x:-0.5913095|y:1.195834|z:1.355446)|Rot(x:0.1159669|y:94.99336|z:359.752),Pos(x:-0.5912327|y:1.242663|z:1.355236)|Rot(x:11.70265|y:94.94249|z:359.7468),Pos(x:-0.5859975|y:1.268079|z:1.354668)|Rot(x:22.13064|y:94.89302|z:359.7323),Pos(x:-0.5759115|y:1.292997|z:1.353679)|Rot(x:22.13069|y:94.89296|z:359.7323),Pos(x:-0.5937911|y:1.196394|z:1.328133)|Rot(x:1.339516|y:90|z:0),Pos(x:-0.5925567|y:1.249185|z:1.328133)|Rot(x:7.611701|y:90|z:0),Pos(x:-0.588885|y:1.276661|z:1.328133)|Rot(x:13.25668|y:90|z:0),Pos(x:-0.5823954|y:1.304206|z:1.328133)|Rot(x:13.25663|y:90.00004|z:9.64862E-06),Pos(x:-0.5920161|y:1.192253|z:1.303969)|Rot(x:1.030021|y:87.00637|z:0.148918),Pos(x:-0.591187|y:1.238782|z:1.304133)|Rot(x:6.813743|y:87.02148|z:0.1499604),Pos(x:-0.5880693|y:1.26494|z:1.304365)|Rot(x:11.71381|y:73.15705|z:357.285),Pos(x:-0.5827075|y:1.290174|z:1.304711)|Rot(x:11.71378|y:73.15707|z:357.285),Pos(x:-0.5886536|y:1.183715|z:1.283566)|Rot(x:1.036931|y:85.01064|z:356.4679),Pos(x:-0.5877321|y:1.223092|z:1.281206)|Rot(x:6.820615|y:85.0358|z:356.4696),Pos(x:-0.5854629|y:1.241313|z:1.280267)|Rot(x:12.24873|y:89.28974|z:357.3634),Pos(x:-0.5813832|y:1.260056|z:1.279434)|Rot(x:12.24876|y:89.2897|z:357.3633),No,,,2024-10-11 19:15:19,
M1_2,0.35,0,0,0.04,0.1,Pos(x:-0.587979|y:1.122002|z:1.353552)|Rot(x:314.2142|y:221.4803|z:18.06523),Pos(x:-0.5579587|y:1.151114|z:1.36695)|Rot(x:321.939|y:225.8833|z:27.94841),Pos(x:-0.5227925|y:1.185215|z:1.36904)|Rot(x:335.4558|y:238.1457|z:47.95432),Pos(x:-0.5048881|y:1.202578|z:1.355248)|Rot(x:335.4558|y:238.1457|z:47.95429),Pos(x:-0.5913095|y:1.195834|z:1.355446)|Rot(x:5.519723|y:94.96991|z:359.7509),Pos(x:-0.5868397|y:1.242446|z:1.354853)|Rot(x:50.14454|y:94.69686|z:359.6131),Pos(x:-0.5669959|y:1.25908|z:1.353047)|Rot(x:89.60435|y:313.8252|z:218.8317),Pos(x:-0.5401984|y:1.258935|z:1.350706)|Rot(x:89.60633|y:313.8277|z:218.8344),Pos(x:-0.5937911|y:1.196394|z:1.328133)|Rot(x:11.72654|y:90|z:0),Pos(x:-0.583059|y:1.248098|z:1.328133)|Rot(x:48.73118|y:90|z:0),Pos(x:-0.5622243|y:1.266381|z:1.328133)|Rot(x:82.03541|y:90|z:0),Pos(x:-0.5341973|y:1.270303|z:1.328133)|Rot(x:82.03532|y:90.00043|z:0.0004189925),Pos(x:-0.5920161|y:1.192253|z:1.303969)|Rot(x:11.88497|y:87.03503|z:0.1521518),Pos(x:-0.5824513|y:1.237792|z:1.304588)|Rot(x:49.47671|y:87.17787|z:0.2291445),Pos(x:-0.5624555|y:1.254909|z:1.305679)|Rot(x:75.0199|y:22.98699|z:296.7896),Pos(x:-0.5368667|y:1.257915|z:1.307027)|Rot(x:75.01988|y:22.98706|z:296.7897),Pos(x:-0.5886536|y:1.183715|z:1.283566)|Rot(x:18.70805|y:85.0901|z:356.4817),Pos(x:-0.5758607|y:1.221018|z:1.282234)|Rot(x:49.48413|y:85.2963|z:356.6016),Pos(x:-0.5618652|y:1.232942|z:1.282292)|Rot(x:76.72383|y:104.4082|z:15.18488),Pos(x:-0.5431466|y:1.237197|z:1.282676)|Rot(x:76.72389|y:104.4081|z:15.18477),Yes,0.5,StressBall (UnityEngine.GameObject),2024-10-11 19:15:49,
M1_2,0,0,0,0,0,Pos(x:-0.587979|y:1.122002|z:1.353552)|Rot(x:334.8329|y:223.643|z:338.1805),Pos(x:-0.5878253|y:1.158898|z:1.377362)|Rot(x:336.0114|y:223.1518|z:340.3056),Pos(x:-0.5870441|y:1.201072|z:1.402354)|Rot(x:338.7173|y:222.2356|z:344.981),Pos(x:-0.5857964|y:1.226722|z:1.414716)|Rot(x:338.7174|y:222.2356|z:344.9809),Pos(x:-0.5913095|y:1.195834|z:1.355446)|Rot(x:358.0792|y:95.00217|z:359.7519),Pos(x:-0.5928909|y:1.242637|z:1.355381)|Rot(x:9.433188|y:94.95267|z:359.7486),Pos(x:-0.5886625|y:1.268242|z:1.3549)|Rot(x:19.65179|y:94.90532|z:359.7367),Pos(x:-0.5796598|y:1.293575|z:1.354004)|Rot(x:19.65184|y:94.90525|z:359.7367),Pos(x:-0.5937911|y:1.196394|z:1.328133)|Rot(x:357.8784|y:90|z:0),Pos(x:-0.595746|y:1.249164|z:1.328133)|Rot(x:358.9263|y:90|z:0),Pos(x:-0.5962654|y:1.276878|z:1.328133)|Rot(x:359.8694|y:90|z:0),Pos(x:-0.5963299|y:1.305178|z:1.328133)|Rot(x:359.8693|y:90.00005|z:2.361224E-06),Pos(x:-0.5920161|y:1.192253|z:1.303969)|Rot(x:357.228|y:86.99649|z:0.1490724),Pos(x:-0.5942699|y:1.238735|z:1.303972)|Rot(x:357.3285|y:86.99675|z:0.1490552),Pos(x:-0.5954998|y:1.26505|z:1.303976)|Rot(x:357.5262|y:73.40037|z:0.7514321),Pos(x:-0.5966635|y:1.290824|z:1.303982)|Rot(x:357.5262|y:73.40037|z:0.751443),Pos(x:-0.5886536|y:1.183715|z:1.283566)|Rot(x:357.235|y:84.99418|z:356.4681),Pos(x:-0.5903341|y:1.223052|z:1.280979)|Rot(x:357.3354|y:84.9946|z:356.4681),Pos(x:-0.5910851|y:1.241384|z:1.279776)|Rot(x:357.6876|y:89.13264|z:356.2917),Pos(x:-0.5918393|y:1.260528|z:1.278522)|Rot(x:357.6876|y:89.1326|z:356.2917),No,,,2024-10-11 19:16:19,
M1_2,0.56,0,0,0,0,Pos(x:-0.587979|y:1.122002|z:1.353552)|Rot(x:313.0428|y:220.9807|z:16.46776),Pos(x:-0.5583988|y:1.150744|z:1.368623)|Rot(x:319.8403|y:224.5395|z:25.12009),Pos(x:-0.5234822|y:1.184671|z:1.37443)|Rot(x:331.921|y:234.173|z:41.96533),Pos(x:-0.50424|y:1.203368|z:1.364817)|Rot(x:331.921|y:234.1731|z:41.96531),Pos(x:-0.5913095|y:1.195834|z:1.355446)|Rot(x:359.6172|y:94.99552|z:359.752),Pos(x:-0.5916389|y:1.242662|z:1.355272)|Rot(x:11.0177|y:94.94559|z:359.7474),Pos(x:-0.5867068|y:1.26814|z:1.35473)|Rot(x:21.27819|y:94.89729|z:359.7339),Pos(x:-0.5769912|y:1.293205|z:1.353772)|Rot(x:21.27823|y:94.89724|z:359.7339),Pos(x:-0.5937911|y:1.196394|z:1.328133)|Rot(x:357.3609|y:90|z:0),Pos(x:-0.5962225|y:1.249144|z:1.328133)|Rot(x:357.6575|y:90|z:0),Pos(x:-0.5973555|y:1.27684|z:1.328133)|Rot(x:357.9245|y:90|z:0),Pos(x:-0.5983804|y:1.305122|z:1.328133)|Rot(x:357.9244|y:90.00005|z:-8.543341E-07),Pos(x:-0.5920161|y:1.192253|z:1.303969)|Rot(x:358.1588|y:86.99891|z:0.1489715),Pos(x:-0.5935156|y:1.238765|z:1.304011)|Rot(x:359.6079|y:87.00267|z:0.1488958),Pos(x:-0.5936992|y:1.265109|z:1.30407)|Rot(x:0.9215812|y:73.42056|z:359.9305),Pos(x:-0.5932925|y:1.290906|z:1.304159)|Rot(x:0.9215772|y:73.42056|z:359.9305),Pos(x:-0.5886536|y:1.183715|z:1.283566)|Rot(x:358.1657|y:84.99821|z:356.468),Pos(x:-0.5896974|y:1.223078|z:1.281034)|Rot(x:359.6148|y:85.00448|z:356.4679),Pos(x:-0.5897217|y:1.241429|z:1.279895)|Rot(x:1.171618|y:89.14525|z:356.5434),Pos(x:-0.5893126|y:1.26059|z:1.278743)|Rot(x:1.171655|y:89.14521|z:356.5434),Yes,1,StressBall (UnityEngine.GameObject),2024-10-11 19:16:49,
M1_2,0,0,0,0,0,Pos(x:-0.587979|y:1.122002|z:1.353552)|Rot(x:307.6154|y:212.5161|z:27.36268),Pos(x:-0.5543549|y:1.145805|z:1.368753)|Rot(x:313.795|y:218.1384|z:34.06757),Pos(x:-0.5146477|y:1.173914|z:1.37485)|Rot(x:324.6016|y:230.4781|z:47.91453),Pos(x:-0.4926525|y:1.189485|z:1.365575)|Rot(x:324.6016|y:230.4782|z:47.91452),Pos(x:-0.5913095|y:1.195834|z:1.355446)|Rot(x:1.820226|y:94.98598|z:359.7519),Pos(x:-0.5898453|y:1.24264|z:1.355115)|Rot(x:33.13679|y:94.832|z:359.7039),Pos(x:-0.5757186|y:1.264374|z:1.353786)|Rot(x:61.32135|y:94.54052|z:359.4833),Pos(x:-0.5522128|y:1.277283|z:1.351676)|Rot(x:61.32141|y:94.54042|z:359.4832),Pos(x:-0.5937911|y:1.196394|z:1.328133)|Rot(x:12.3489|y:90|z:0),Pos(x:-0.582498|y:1.247978|z:1.328133)|Rot(x:46.16574|y:90|z:0),Pos(x:-0.5625026|y:1.267176|z:1.328133)|Rot(x:76.60082|y:90|z:0),Pos(x:-0.5349729|y:1.273734|z:1.328133)|Rot(x:76.60084|y:90.00023|z:0.0002136885),Pos(x:-0.5920161|y:1.192253|z:1.303969)|Rot(x:9.683494|y:87.0291|z:0.1510435),Pos(x:-0.5842054|y:1.238126|z:1.304497)|Rot(x:35.9225|y:87.11157|z:0.1838616),Pos(x:-0.5687734|y:1.25946|z:1.30536)|Rot(x:56.97793|y:61.7276|z:338.4785),Pos(x:-0.5465669|y:1.27254|z:1.306557)|Rot(x:56.9779|y:61.7276|z:338.4785),Pos(x:-0.5886536|y:1.183715|z:1.283566)|Rot(x:9.690357|y:85.04849|z:356.4715),Pos(x:-0.5818397|y:1.222536|z:1.281718)|Rot(x:35.92916|y:85.18584|z:356.5261),Pos(x:-0.5710152|y:1.237397|z:1.281512)|Rot(x:59.52692|y:93.6027|z:3.75844),Pos(x:-0.5544565|y:1.247113|z:1.281731)|Rot(x:59.52696|y:93.60265|z:3.758394),Yes,0,StressBall (UnityEngine.GameObject),2024-10-11 19:17:19,
M1_2,0.5,0,0,0,0,Pos(x:-0.587979|y:1.122002|z:1.353552)|Rot(x:311.0705|y:218.7473|z:18.62885),Pos(x:-0.5574049|y:1.14934|z:1.369239)|Rot(x:317.4023|y:222.5062|z:26.39962),Pos(x:-0.5212494|y:1.181668|z:1.376423)|Rot(x:328.6151|y:231.9127|z:41.45322),Pos(x:-0.5008552|y:1.199903|z:1.368435)|Rot(x:328.615|y:231.9127|z:41.45321),Pos(x:-0.5913095|y:1.195834|z:1.355446)|Rot(x:357.4135|y:95.00507|z:359.7518),Pos(x:-0.5934324|y:1.242616|z:1.355429)|Rot(x:5.556758|y:94.96974|z:359.7509),Pos(x:-0.5909383|y:1.268449|z:1.355098)|Rot(x:12.88566|y:94.93715|z:359.7456),Pos(x:-0.584972|y:1.294672|z:1.354463)|Rot(x:12.88571|y:94.93707|z:359.7456),Pos(x:-0.5937911|y:1.196394|z:1.328133)|Rot(x:1.72662|y:90|z:0),Pos(x:-0.5922|y:1.249176|z:1.328133)|Rot(x:8.625776|y:90|z:0),Pos(x:-0.5880427|y:1.276582|z:1.328133)|Rot(x:14.83503|y:90|z:0),Pos(x:-0.5807969|y:1.303939|z:1.328133)|Rot(x:14.83499|y:90.00005|z:7.948923E-06),Pos(x:-0.5920161|y:1.192253|z:1.303969)|Rot(x:4.281124|y:87.01484|z:0.1493111),Pos(x:-0.5885532|y:1.23866|z:1.304271)|Rot(x:15.30709|y:87.04444|z:0.1543685),Pos(x:-0.5816115|y:1.264069|z:1.3047)|Rot(x:24.51598|y:72.11427|z:353.8427),Pos(x:-0.5706321|y:1.287408|z:1.305336)|Rot(x:24.51598|y:72.11427|z:353.8427),Pos(x:-0.5886536|y:1.183715|z:1.283566)|Rot(x:4.288016|y:85.02473|z:356.4686),Pos(x:-0.5855092|y:1.222988|z:1.2814)|Rot(x:15.31392|y:85.07405|z:356.477),Pos(x:-0.5805834|y:1.240688|z:1.28069)|Rot(x:25.41989|y:89.70148|z:358.4536),Pos(x:-0.5723422|y:1.258023|z:1.280215)|Rot(x:25.41992|y:89.70142|z:358.4536),Yes,0.5,StressBall (UnityEngine.GameObject),2024-10-11 19:17:49,
M1_2,0.04,0,0,0,0,Pos(x:-0.587979|y:1.122002|z:1.353552)|Rot(x:334.5043|y:226.875|z:352.8545),Pos(x:-0.5780246|y:1.161329|z:1.37036)|Rot(x:342.915|y:226.7662|z:5.76362),Pos(x:-0.5642103|y:1.207959|z:1.376589)|Rot(x:0.5782664|y:233.188|z:33.99736),Pos(x:-0.5548525|y:1.231586|z:1.363688)|Rot(x:0.5782536|y:233.188|z:33.99734),Pos(x:-0.5913095|y:1.195834|z:1.355446)|Rot(x:358.4117|y:95.00073|z:359.752),Pos(x:-0.5926202|y:1.242645|z:1.355358)|Rot(x:9.765714|y:94.95117|z:359.7484),Pos(x:-0.5882438|y:1.268225|z:1.354864)|Rot(x:19.98432|y:94.90369|z:359.7361),Pos(x:-0.5790948|y:1.293505|z:1.353955)|Rot(x:19.98437|y:94.90363|z:359.7361),Pos(x:-0.5937911|y:1.196394|z:1.328133)|Rot(x:359.1285|y:90|z:0),Pos(x:-0.5945942|y:1.249194|z:1.328133)|Rot(x:2.03765|y:90|z:0),Pos(x:-0.5936087|y:1.276896|z:1.328133)|Rot(x:4.655854|y:90|z:0),Pos(x:-0.5913115|y:1.305102|z:1.328133)|Rot(x:4.655805|y:90.00005|z:1.927351E-06),Pos(x:-0.5920161|y:1.192253|z:1.303969)|Rot(x:358.8781|y:87.00078|z:0.1489248),Pos(x:-0.5929324|y:1.23878|z:1.304042)|Rot(x:1.402809|y:87.00735|z:0.1489417),Pos(x:-0.5922919|y:1.265117|z:1.304144)|Rot(x:3.607186|y:73.40208|z:359.2807),Pos(x:-0.5906439|y:1.290864|z:1.304297)|Rot(x:3.607186|y:73.40208|z:359.2807),Pos(x:-0.5886536|y:1.183715|z:1.283566)|Rot(x:358.885|y:85.00131|z:356.4679),Pos(x:-0.5892052|y:1.223091|z:1.281077)|Rot(x:1.409713|y:85.01224|z:356.4679),Pos(x:-0.588657|y:1.241436|z:1.279988)|Rot(x:3.927324|y:89.16611|z:356.7435),Pos(x:-0.5873284|y:1.26056|z:1.278917)|Rot(x:3.927364|y:89.16606|z:356.7435),Yes,1,StressBall (UnityEngine.GameObject),2024-10-11 19:18:19,
M1_2,0.3,0,0,0,0.3,Pos(x:-0.587979|y:1.122002|z:1.353552)|Rot(x:312.4564|y:220.4695|z:16.64975),Pos(x:-0.5582619|y:1.150401|z:1.369)|Rot(x:319.0157|y:223.9447|z:24.93798),Pos(x:-0.5231423|y:1.183962|z:1.375648)|Rot(x:330.6751|y:233.1501|z:40.95054),Pos(x:-0.503504|y:1.202729|z:1.367023)|Rot(x:330.6751|y:233.1501|z:40.95052),Pos(x:-0.5913095|y:1.195834|z:1.355446)|Rot(x:359.6943|y:94.99518|z:359.752),Pos(x:-0.591576|y:1.242663|z:1.355266)|Rot(x:27.89316|y:94.86263|z:359.7195),Pos(x:-0.5794879|y:1.265603|z:1.35411)|Rot(x:53.272|y:94.66155|z:359.5854),Pos(x:-0.5580156|y:1.281689|z:1.352164)|Rot(x:53.27202|y:94.66145|z:359.5853),Pos(x:-0.5937911|y:1.196394|z:1.328133)|Rot(x:10.20164|y:90|z:0),Pos(x:-0.5844386|y:1.248365|z:1.328133)|Rot(x:37.83841|y:90|z:0),Pos(x:-0.5674344|y:1.270256|z:1.328133)|Rot(x:62.71146|y:90|z:0),Pos(x:-0.542284|y:1.283231|z:1.328133)|Rot(x:62.71143|y:90.00012|z:9.683515E-05),Pos(x:-0.5920161|y:1.192253|z:1.303969)|Rot(x:9.980925|y:87.02989|z:0.1511799),Pos(x:-0.5839676|y:1.238085|z:1.30451)|Rot(x:36.99937|y:87.1159|z:0.1864415),Pos(x:-0.5681379|y:1.259125|z:1.305393)|Rot(x:58.5779|y:60.50005|z:337.0222),Pos(x:-0.5455367|y:1.271508|z:1.306608)|Rot(x:58.57792|y:60.50005|z:337.0222),Pos(x:-0.5886536|y:1.183715|z:1.283566)|Rot(x:9.987767|y:85.04981|z:356.4717),Pos(x:-0.5816391|y:1.222501|z:1.281736)|Rot(x:37.00602|y:85.19302|z:356.5304),Pos(x:-0.5705383|y:1.237157|z:1.281553)|Rot(x:61.28414|y:94.09172|z:4.311907),Pos(x:-0.5536871|y:1.246356|z:1.281795)|Rot(x:61.28421|y:94.09162|z:4.311812),Yes,0.3,StressBall (UnityEngine.GameObject),2024-10-11 19:18:49,
M1_2,0,0,0,0,0,Pos(x:-0.587979|y:1.122002|z:1.353552)|Rot(x:328.8784|y:228.3878|z:347.7875),Pos(x:-0.5775629|y:1.158742|z:1.375228)|Rot(x:332.0834|y:227.7662|z:353.0505),Pos(x:-0.5646791|y:1.201749|z:1.394937)|Rot(x:339.3855|y:227.5805|z:4.291431),Pos(x:-0.5558537|y:1.228349|z:1.400112)|Rot(x:339.3855|y:227.5806|z:4.291404),Pos(x:-0.5913095|y:1.195834|z:1.355446)|Rot(x:357.2892|y:95.0056|z:359.7518),Pos(x:-0.5935336|y:1.242611|z:1.355438)|Rot(x:4.315625|y:94.97515|z:359.7513),Pos(x:-0.5915975|y:1.268493|z:1.355156)|Rot(x:10.63944|y:94.94729|z:359.7477),Pos(x:-0.5866598|y:1.29493|z:1.35461)|Rot(x:10.63948|y:94.94721|z:359.7477),Pos(x:-0.5937911|y:1.196394|z:1.328133)|Rot(x:1.93566|y:90|z:0),Pos(x:-0.5920075|y:1.24917|z:1.328133)|Rot(x:9.117757|y:90|z:0),Pos(x:-0.587615|y:1.276539|z:1.328133)|Rot(x:15.58164|y:90|z:0),Pos(x:-0.5800133|y:1.303799|z:1.328133)|Rot(x:15.5816|y:90.00004|z:5.318087E-06),Pos(x:-0.5920161|y:1.192253|z:1.303969)|Rot(x:359.226|y:87.00168|z:0.14891),Pos(x:-0.5926502|y:1.238785|z:1.304057)|Rot(x:2.249723|y:87.00954|z:0.1490073),Pos(x:-0.591621|y:1.265109|z:1.304179)|Rot(x:4.866763|y:73.38286|z:358.9749),Pos(x:-0.5893919|y:1.290812|z:1.304363)|Rot(x:4.866762|y:73.38286|z:358.9749),Pos(x:-0.5886536|y:1.183715|z:1.283566)|Rot(x:359.233|y:85.00282|z:356.4679),Pos(x:-0.588967|y:1.223094|z:1.281098)|Rot(x:2.256629|y:85.01592|z:356.468),Pos(x:-0.5881488|y:1.241431|z:1.280033)|Rot(x:5.219862|y:89.17924|z:356.838),Pos(x:-0.5863897|y:1.260523|z:1.278998)|Rot(x:5.219898|y:89.17922|z:356.8379),No,,,2024-10-11 19:19:19,
M1_2,0,0,0,0,0,Pos(x:-0.587979|y:1.122002|z:1.353552)|Rot(x:336.3662|y:224.786|z:348.0874),Pos(x:-0.5822783|y:1.161364|z:1.372163)|Rot(x:342.5739|y:223.9732|z:357.9251),Pos(x:-0.5733675|y:1.208113|z:1.383955)|Rot(x:356.4263|y:226.0788|z:19.11779),Pos(x:-0.5656838|y:1.234989|z:1.378396)|Rot(x:356.4263|y:226.0788|z:19.11777),Pos(x:-0.5913095|y:1.195834|z:1.355446)|Rot(x:357.3293|y:95.00544|z:359.7518),Pos(x:-0.5935009|y:1.242612|z:1.355435)|Rot(x:4.681482|y:94.97356|z:359.7512),Pos(x:-0.5914003|y:1.268482|z:1.355139)|Rot(x:11.29846|y:94.94433|z:359.7471),Pos(x:-0.5861599|y:1.29486|z:1.354566)|Rot(x:11.2985|y:94.94427|z:359.7471),Pos(x:-0.5937911|y:1.196394|z:1.328133)|Rot(x:357.3074|y:90|z:0),Pos(x:-0.5962718|y:1.249141|z:1.328133)|Rot(x:357.5272|y:90|z:0),Pos(x:-0.5974678|y:1.276835|z:1.328133)|Rot(x:357.7249|y:90|z:0),Pos(x:-0.5985912|y:1.305113|z:1.328133)|Rot(x:357.7249|y:90.00005|z:3.845012E-06),Pos(x:-0.5920161|y:1.192253|z:1.303969)|Rot(x:357.1577|y:86.9963|z:0.1490755),Pos(x:-0.5943269|y:1.238732|z:1.303969)|Rot(x:357.1577|y:86.9963|z:0.1490755),Pos(x:-0.5956349|y:1.265044|z:1.303969)|Rot(x:357.2723|y:73.3969|z:0.8129447),Pos(x:-0.596916|y:1.290812|z:1.303969)|Rot(x:357.2723|y:73.3969|z:0.8129502),Pos(x:-0.5886536|y:1.183715|z:1.283566)|Rot(x:357.1647|y:84.99387|z:356.4682),Pos(x:-0.5903821|y:1.22305|z:1.280974)|Rot(x:357.1647|y:84.99387|z:356.4682),Pos(x:-0.5911875|y:1.241379|z:1.279767)|Rot(x:357.427|y:89.13229|z:356.2729),Pos(x:-0.5920287|y:1.260519|z:1.278506)|Rot(x:357.4271|y:89.13226|z:356.2728),No,,,2024-10-11 19:19:49,
M1_2,0,0,0,0,0.1,Pos(x:-0.587979|y:1.122002|z:1.353552)|Rot(x:337.1539|y:222.9312|z:341.7601),Pos(x:-0.5870132|y:1.160435|z:1.374769)|Rot(x:341.8737|y:221.6475|z:349.6422),Pos(x:-0.5836287|y:1.206273|z:1.39184)|Rot(x:352.7946|y:221.2701|z:6.489415),Pos(x:-0.5788649|y:1.234367|z:1.392385)|Rot(x:352.7946|y:221.2701|z:6.489395),Pos(x:-0.5913095|y:1.195834|z:1.355446)|Rot(x:8.263162|y:94.95786|z:359.7495),Pos(x:-0.5846221|y:1.242177|z:1.354661)|Rot(x:51.63158|y:94.68066|z:359.6005),Pos(x:-0.5643548|y:1.258288|z:1.35282)|Rot(x:89.29086|y:295.4608|z:200.4685),Pos(x:-0.5375586|y:1.257976|z:1.35048)|Rot(x:89.29086|y:295.4633|z:200.4709),Pos(x:-0.5937911|y:1.196394|z:1.328133)|Rot(x:10.78374|y:90|z:0),Pos(x:-0.5839111|y:1.248267|z:1.328133)|Rot(x:41.49668|y:90|z:0),Pos(x:-0.5655448|y:1.269029|z:1.328133)|Rot(x:69.13832|y:90|z:0),Pos(x:-0.5391001|y:1.279107|z:1.328133)|Rot(x:69.13828|y:90.00014|z:0.0001342586),Pos(x:-0.5920161|y:1.192253|z:1.303969)|Rot(x:9.892288|y:87.02966|z:0.1511398),Pos(x:-0.5840384|y:1.238097|z:1.304506)|Rot(x:37.90732|y:87.11963|z:0.1887165),Pos(x:-0.5678778|y:1.258883|z:1.305406)|Rot(x:60.18337|y:59.11077|z:335.4025),Pos(x:-0.5448982|y:1.270547|z:1.306639)|Rot(x:60.18336|y:59.11077|z:335.4025),Pos(x:-0.5886536|y:1.183715|z:1.283566)|Rot(x:9.899142|y:85.04943|z:356.4716),Pos(x:-0.5816988|y:1.222512|z:1.281731)|Rot(x:37.91397|y:85.19927|z:356.5342),Pos(x:-0.5703681|y:1.236991|z:1.281567)|Rot(x:63.06502|y:94.65618|z:4.941254),Pos(x:-0.5532365|y:1.245656|z:1.281831)|Rot(x:63.06504|y:94.65611|z:4.941179),No,,,2024-10-11 19:20:19,
M1_2,0.1,0.1,0.1,0.1,0.1,Pos(x:-0.587979|y:1.122002|z:1.353552)|Rot(x:308.6762|y:213.5879|z:27.93011),Pos(x:-0.5540894|y:1.146247|z:1.367405)|Rot(x:315.5594|y:219.9301|z:35.58063),Pos(x:-0.5142927|y:1.174717|z:1.370504)|Rot(x:327.4624|y:234.3628|z:51.83273),Pos(x:-0.4935386|y:1.189565|z:1.357813)|Rot(x:327.4623|y:234.3628|z:51.83273),Pos(x:-0.5913095|y:1.195834|z:1.355446)|Rot(x:29.48393|y:94.85366|z:359.7151),Pos(x:-0.5683635|y:1.236599|z:1.353264)|Rot(x:75.65292|y:94.02437|z:358.9993),Pos(x:-0.5433148|y:1.243029|z:1.351048)|Rot(x:62.79021|y:275.4761|z:180.5423),Pos(x:-0.5194775|y:1.23073|z:1.349018)|Rot(x:62.79018|y:275.4763|z:180.5424),Pos(x:-0.5937911|y:1.196394|z:1.328133)|Rot(x:29.46744|y:90|z:0),Pos(x:-0.5678147|y:1.242369|z:1.328133)|Rot(x:75.62969|y:90|z:0),Pos(x:-0.5409624|y:1.249248|z:1.328133)|Rot(x:62.8243|y:270|z:180),Pos(x:-0.5157864|y:1.236323|z:1.328133)|Rot(x:62.8243|y:269.9999|z:179.9999),Pos(x:-0.5920161|y:1.192253|z:1.303969)|Rot(x:24.08953|y:87.07027|z:0.1630985),Pos(x:-0.5730534|y:1.234736|z:1.305072)|Rot(x:62.56335|y:87.29048|z:0.3231427),Pos(x:-0.5497057|y:1.246875|z:1.306326)|Rot(x:74.79428|y:329.3667|z:241.4962),Pos(x:-0.5241432|y:1.243646|z:1.307655)|Rot(x:74.7943|y:329.3667|z:241.4963),Pos(x:-0.5886536|y:1.183715|z:1.283566)|Rot(x:18.70805|y:85.0901|z:356.4817),Pos(x:-0.5758607|y:1.221018|z:1.282234)|Rot(x:49.48413|y:85.2963|z:356.6016),Pos(x:-0.5618652|y:1.232942|z:1.282292)|Rot(x:76.72383|y:104.4082|z:15.18488),Pos(x:-0.5431466|y:1.237197|z:1.282676)|Rot(x:76.72389|y:104.4081|z:15.18477),Yes,0.1,StressBall (UnityEngine.GameObject),2024-10-11 19:20:49,
M1_2,0.07,0,0,0,0,Pos(x:-0.587979|y:1.122002|z:1.353552)|Rot(x:325.0909|y:231.9149|z:356.8584),Pos(x:-0.5697139|y:1.157958|z:1.370924)|Rot(x:333.7898|y:232.51|z:9.89119),Pos(x:-0.547661|y:1.201293|z:1.377225)|Rot(x:351.5973|y:240.6817|z:37.66827),Pos(x:-0.5362587|y:1.22361|z:1.363654)|Rot(x:351.5973|y:240.6817|z:37.66825),Pos(x:-0.5913095|y:1.195834|z:1.355446)|Rot(x:358.1869|y:95.00171|z:359.7519),Pos(x:-0.5928032|y:1.24264|z:1.355374)|Rot(x:14.2407|y:94.93093|z:359.7442),Pos(x:-0.5864518|y:1.267798|z:1.354709)|Rot(x:28.68912|y:94.85818|z:359.7173),Pos(x:-0.5735961|y:1.291395|z:1.353483)|Rot(x:28.68916|y:94.8581|z:359.7173),Pos(x:-0.5937911|y:1.196394|z:1.328133)|Rot(x:1.312975|y:90|z:0),Pos(x:-0.5925812|y:1.249186|z:1.328133)|Rot(x:7.830156|y:90|z:0),Pos(x:-0.5888047|y:1.276647|z:1.328133)|Rot(x:13.69563|y:90|z:0),Pos(x:-0.5821043|y:1.304142|z:1.328133)|Rot(x:13.69558|y:90.00005|z:6.151313E-06),Pos(x:-0.5920161|y:1.192253|z:1.303969)|Rot(x:359.5221|y:87.00245|z:0.1489016),Pos(x:-0.5924101|y:1.238788|z:1.304069)|Rot(x:3.091183|y:87.01173|z:0.1491135),Pos(x:-0.590995|y:1.265094|z:1.304212)|Rot(x:6.161551|y:73.35598|z:358.6594),Pos(x:-0.5881697|y:1.290738|z:1.304427)|Rot(x:6.161553|y:73.35598|z:358.6594),Pos(x:-0.5886536|y:1.183715|z:1.283566)|Rot(x:359.529|y:85.0041|z:356.4679),Pos(x:-0.5887644|y:1.223097|z:1.281116)|Rot(x:3.098078|y:85.01957|z:356.4682),Pos(x:-0.587678|y:1.241421|z:1.280074)|Rot(x:6.548633|y:89.19503|z:356.9356),Pos(x:-0.5854772|y:1.260469|z:1.279078)|Rot(x:6.548671|y:89.195|z:356.9356),Yes,0.3,StressBall (UnityEngine.GameObject),2024-10-11 19:21:19,
